{"stat.pickup.minecraft.reeds":1,"stat.pickup.minecraft.log":1,"stat.flyOneCm":845,"stat.walkOneCm":5670,"stat.pickup.minecraft.diamond":2,"stat.jump":7,"stat.playOneMinute":905,"stat.climbOneCm":98,"stat.leaveGame":1,"stat.mineBlock.minecraft.vine":1,"stat.damageDealt":300,"stat.pickup.minecraft.porkchop":7,"stat.useItem.mattmod.itemchickensword":6,"stat.timeSinceDeath":905,"stat.sprintOneCm":6674,"stat.mobKills":3,"stat.mineBlock.minecraft.log":1,"stat.killEntity.Pig":3,"achievement.exploreAllBiomes":{"value":0,"progress":["Swampland"]}}