{"stat.walkOneCm":2280,"stat.pickup.minecraft.wheat_seeds":1,"stat.jump":6,"stat.playOneMinute":526,"achievement.openInventory":1,"stat.leaveGame":1,"stat.useItem.mattmod.itemchickenpickaxe":4,"stat.damageDealt":200,"stat.pickup.minecraft.porkchop":3,"stat.useItem.mattmod.itemchickensword":2,"stat.timeSinceDeath":526,"stat.pickup.minecraft.dirt":4,"stat.mineBlock.minecraft.dirt":2,"stat.mobKills":2,"stat.killEntity.Pig":2,"achievement.exploreAllBiomes":{"value":0,"progress":["Swampland"]},"stat.mineBlock.minecraft.tallgrass":2}