{"stat.flyOneCm":27,"stat.walkOneCm":8529,"stat.jump":13,"stat.craftItem.mattmod.itemchickensword":1,"stat.playOneMinute":2743,"achievement.openInventory":1,"stat.pickup.minecraft.beef":7,"stat.leaveGame":1,"stat.pickup.minecraft.leather":4,"stat.damageDealt":560,"stat.useItem.mattmod.itemchickensword":6,"stat.killEntity.Wolf":2,"stat.timeSinceDeath":2743,"stat.killEntity.Cow":4,"stat.mobKills":6,"stat.useItem.minecraft.stone_slab2":1,"achievement.exploreAllBiomes":{"value":0,"progress":["Mega Taiga","TaigaHills"]},"stat.craftingTableInteraction":1}