{"stat.walkOneCm":10615,"stat.pickup.minecraft.diamond":3,"stat.pickup.minecraft.brown_mushroom":2,"stat.jump":4,"stat.mineBlock.minecraft.leaves":1,"stat.playOneMinute":964,"achievement.openInventory":1,"stat.leaveGame":1,"stat.mineBlock.minecraft.vine":4,"stat.damageDealt":300,"stat.pickup.minecraft.porkchop":7,"stat.useItem.mattmod.itemchickensword":11,"stat.timeSinceDeath":964,"stat.mobKills":3,"stat.mineBlock.minecraft.brown_mushroom":1,"stat.killEntity.Pig":3,"achievement.exploreAllBiomes":{"value":0,"progress":["Swampland"]},"stat.mineBlock.minecraft.tallgrass":2}