{"stat.flyOneCm":56,"stat.walkOneCm":3155,"stat.pickup.minecraft.diamond":3,"stat.jump":4,"stat.playOneMinute":715,"stat.leaveGame":1,"stat.mineBlock.minecraft.vine":1,"stat.useItem.mattmod.itemchickenpickaxe":4,"stat.damageDealt":300,"stat.pickup.minecraft.porkchop":4,"stat.useItem.mattmod.itemchickensword":3,"stat.timeSinceDeath":715,"stat.pickup.minecraft.dirt":2,"stat.sprintOneCm":5703,"stat.mobKills":3,"stat.mineBlock.minecraft.dirt":3,"stat.killEntity.Pig":3,"achievement.exploreAllBiomes":{"value":0,"progress":["Swampland"]}}