{"stat.flyOneCm":2760,"stat.walkOneCm":6394,"stat.pickup.minecraft.diamond":1,"stat.jump":19,"stat.swimOneCm":260,"stat.playOneMinute":1641,"achievement.openInventory":1,"stat.fallOneCm":478,"stat.leaveGame":1,"stat.sneakTime":15,"stat.damageDealt":180,"stat.pickup.minecraft.porkchop":1,"stat.useItem.mattmod.itemchickensword":2,"stat.crouchOneCm":123,"stat.killEntity.Wolf":1,"stat.timeSinceDeath":1641,"stat.sprintOneCm":19109,"stat.mobKills":2,"stat.killEntity.Pig":1,"achievement.exploreAllBiomes":{"value":0,"progress":["River","Plains","Taiga","TaigaHills","Swampland"]},"stat.diveOneCm":115}